{
  "effect": "diagonalStripes",
  "fpsCap": 60,
  "renderMode": "mirror",
  "post": {
    "brightness": 1,
    "tint": [
      1,
      1,
      1
    ],
    "gamma": 1,
    "strobeHz": 0,
    "strobeDuty": 0.5,
    "strobeLow": 0,
    "pitchSpeed": 0,
    "yawSpeed": 1.2131596631049868,
    "pitch": 75.69845154314454,
    "yaw": 127.72451205843214
  },
  "effects": {
    "diagonalStripes": {
      "colorA": [
        0,
        0.9764705882352941,
        0
      ],
      "colorB": [
        1,
        0.25098039215686274,
        1
      ],
      "width": 0.15,
      "angle": 39
    }
  }
}